[
  {
    "avatar": "https://cdn-icons-png.flaticon.com/512/1998/1998592.png",
    "name": "Mango",
    "isOnline": true,
    "id": 1812
  },
  {
    "avatar": "https://cdn-icons-png.flaticon.com/512/616/616438.png",
    "name": "Kiwi",
    "isOnline": false,
    "id": 1137
  },
  {
    "avatar": "https://cdn-icons-png.flaticon.com/512/1623/1623681.png",
    "name": "Ajax",
    "isOnline": true,
    "id": 1213
  },
  {
    "avatar": "https://cdn-icons-png.flaticon.com/512/2977/2977285.png",
    "name": "Jay",
    "isOnline": true,
    "id": 1714
  },
  {
    "avatar": "https://cdn-icons-png.flaticon.com/512/1998/1998749.png",
    "name": "Poly",
    "isOnline": false,
    "id": 1284
  },  {
    "avatar": "https://static.wikia.nocookie.net/dccu/images/2/2e/Batman_-_Justice_League_-_promo.jpg",
    "name": "Batman",
    "isOnline": true,
    "id": 1286
  }
]
